{"cameraMode":{"drawMode":0,"name":"Shaded","section":"Shading Mode"},"sceneLighting":false,"audioPlay":false,"sceneViewState":{"m_AlwaysRefresh":false,"showFog":true,"showSkybox":false,"showFlares":true,"showImageEffects":true,"showParticleSystems":true,"showVisualEffectGraphs":true,"m_FxEnabled":true},"in2DMode":false,"pivot":{"x":7.152557373046875e-7,"y":0.028490066528320314,"z":-0.007033586502075195},"rotation":{"x":0.2784186601638794,"y":0.2805221676826477,"z":-0.08539358526468277,"w":0.9146084785461426},"size":7.859761714935303,"orthographic":false}