{"cameraMode":{"drawMode":0,"name":"Shaded","section":"Shading Mode"},"sceneLighting":false,"audioPlay":false,"sceneViewState":{"m_AlwaysRefresh":false,"showFog":true,"showSkybox":false,"showFlares":true,"showImageEffects":true,"showParticleSystems":true,"showVisualEffectGraphs":true,"m_FxEnabled":true},"in2DMode":false,"pivot":{"x":-0.0000019073486328125,"y":0.014827072620391846,"z":-0.000002384185791015625},"rotation":{"x":0.2784186601638794,"y":0.2805221676826477,"z":-0.08539358526468277,"w":0.9146084785461426},"size":7.799042224884033,"orthographic":false}